,tamanho,ano,garagem,predicted
0,159.0,2003,2,188291.28
1,117.0,1976,2,142250.48
2,166.0,2001,2,191101.0
3,160.0,1915,3,105738.05
4,204.0,2000,3,247779.95
5,127.0,1993,2,155332.0
6,157.0,2004,2,188291.28
7,194.0,1973,2,195141.94
8,165.0,1931,2,150462.61
9,100.0,1939,1,103690.9
10,97.0,1965,1,110953.1
11,216.0,2005,3,296699.97
12,85.0,1962,1,107026.96
13,139.0,2006,3,206310.8
14,116.0,1960,1,121132.53
15,79.0,1929,2,86697.69
16,93.0,1970,2,122290.77
17,120.0,1967,2,133250.62
18,103.0,2004,2,137352.0
19,124.0,1958,1,120553.15
20,221.0,2005,3,296699.97
21,103.0,1930,1,101553.2
22,167.0,2002,2,188989.45
23,98.0,1976,2,127654.016
24,98.0,1968,1,116542.55
25,149.0,2007,3,214464.3
26,84.0,1951,2,104681.97
27,158.0,2007,3,265638.9
28,149.0,1957,1,137996.11
29,48.0,1927,1,60216.58
30,122.0,1920,1,98103.516
31,114.0,1966,1,121392.47
32,115.0,2007,2,159271.88
33,158.0,1959,2,152539.78
34,145.0,2005,2,210972.06
35,228.0,2004,3,302712.8
36,102.0,1994,2,136744.36
37,120.0,1954,2,122499.11
38,98.0,1953,1,114381.54
39,107.0,1955,0,92570.336
40,123.0,1965,2,137997.39
41,123.0,1959,1,122071.6
42,82.0,1983,2,122032.4
43,87.0,1975,1,106028.13
44,107.0,1959,1,121392.47
45,163.0,2005,2,223835.52
46,200.0,2003,2,231824.4
47,154.0,2006,3,225215.39
48,135.0,1920,0,107516.01
49,89.0,1966,1,107026.96
50,137.0,1997,2,172711.8
51,109.0,1934,2,111339.68
52,76.0,1963,2,109899.875
53,171.0,1981,3,242696.45
54,126.0,1955,2,129585.48
55,132.0,1964,2,147913.06
56,162.0,1999,2,191101.0
57,160.0,2004,2,188291.28
58,274.0,2006,3,413012.16
59,72.0,1972,1,95509.47
60,108.0,2004,2,147007.7
61,103.0,1920,1,98713.914
62,127.0,2006,2,166707.23
63,159.0,1921,2,150462.61
64,189.0,1997,2,204677.75
65,230.0,2004,3,302712.8
66,205.0,1970,2,195141.94
67,137.0,2003,2,172711.8
68,69.0,1945,1,76810.23
69,212.0,1953,2,188652.44
70,207.0,1973,2,195141.94
71,79.0,1982,2,117091.62
72,160.0,1998,2,188291.28
73,101.0,1954,2,122371.03
74,149.0,1915,1,116710.57
75,92.0,1973,1,100664.89
76,88.0,1956,1,107026.96
77,119.0,1948,1,106608.12
78,164.0,1968,0,117490.43
79,114.0,1910,2,101954.734
80,199.0,1968,1,183253.31
81,124.0,1998,2,160889.58
82,145.0,2007,3,209360.02
83,99.0,1960,2,127880.22
84,137.0,1995,2,171788.25
85,225.0,1991,2,232379.97
86,145.0,2005,2,210972.06
87,114.0,2009,2,159271.88
88,142.0,1915,0,97547.31
89,92.0,1994,0,110658.695
90,97.0,1950,2,105330.84
91,115.0,1961,2,132877.36
92,90.0,1921,2,105330.84
93,213.0,1910,2,148753.56
94,166.0,1997,2,191101.0
95,137.0,1993,2,167154.23
96,148.0,1999,2,187604.39
97,89.0,1965,1,107026.96
98,78.0,1920,1,89034.18
99,114.0,1959,0,101021.05
100,150.0,1977,2,162020.9
101,161.0,1985,2,185268.77
102,143.0,1979,2,156957.86
103,114.0,2009,3,177951.0
104,169.0,1931,1,149567.05
105,185.0,2003,2,204677.75
106,97.0,1885,1,89755.375
107,73.0,1948,1,97092.64
108,141.0,1919,0,102321.16
109,171.0,1977,2,175580.31
110,172.0,1954,1,145302.61
111,133.0,2000,2,172711.8
112,250.0,2007,3,361214.62
113,210.0,1953,2,188652.44
114,216.0,1945,1,183165.84
115,135.0,1999,2,172711.8
116,101.0,1962,1,116542.55
117,105.0,2006,2,139325.39
118,299.0,1990,3,315658.53
119,135.0,2005,2,172711.8
120,92.0,1969,2,120830.836
121,104.0,1939,1,103499.31
122,100.0,1958,1,116542.55
123,111.0,1993,2,144730.86
124,147.0,1979,2,162020.9
125,70.0,1935,0,77065.82
126,89.0,1976,2,126194.08
127,78.0,1930,0,77065.82
128,125.0,1966,2,137997.39
129,98.0,1958,2,127880.22
130,200.0,1966,2,195141.94
131,191.0,2000,2,204677.75
132,123.0,1959,2,137997.39
133,120.0,2001,2,160889.58
134,160.0,1968,2,159501.9
135,156.0,1970,2,159501.9
136,113.0,1967,1,119776.88
137,182.0,1988,3,198440.98
138,172.0,1999,3,238122.61
139,164.0,1997,2,191101.0
140,80.0,1971,0,89172.76
141,161.0,2005,2,221025.78
142,129.0,1952,2,126706.914
143,139.0,1999,2,179002.27
144,161.0,1963,2,152539.78
145,159.0,2004,2,188291.28
146,81.0,1931,1,97317.13
147,189.0,2001,2,204677.75
148,100.0,2004,0,113962.055
149,125.0,1936,1,107096.72
150,90.0,1975,2,126194.08
151,159.0,2007,3,265638.9
152,185.0,1971,2,191509.44
153,116.0,1960,2,137058.33
154,111.0,1923,1,101553.2
155,102.0,1924,0,79508.11
156,97.0,1950,2,105330.84
157,183.0,2009,3,285559.8
158,181.0,2004,2,197272.94
159,229.0,2005,2,251524.47
160,114.0,1984,2,146660.75
161,248.0,2003,3,365376.22
162,143.0,2005,2,184390.12
163,82.0,1956,0,95534.83
164,150.0,1926,1,137996.11
165,126.0,1940,0,90471.984
166,173.0,1955,1,156729.56
167,201.0,2007,3,319822.47
168,160.0,2004,2,188291.28
169,159.0,1981,2,192019.97
170,128.0,1941,2,117708.805
171,154.0,1960,2,154184.06
172,164.0,1987,2,188078.48
173,127.0,1961,2,137997.39
174,153.0,1986,2,185268.77
175,200.0,1950,2,175828.94
176,191.0,1988,2,205233.31
177,178.0,1958,2,161998.77
178,208.0,2008,3,378364.84
179,90.0,1923,2,105330.84
180,142.0,2000,2,185179.88
181,167.0,1920,1,142787.6
182,124.0,1957,1,120553.15
183,193.0,2003,2,204677.75
184,116.0,1908,2,110596.14
185,335.0,1892,3,401935.8
186,113.0,1990,2,151151.05
187,154.0,1916,1,123593.984
188,114.0,1979,2,138069.53
189,148.0,2001,2,187604.39
190,253.0,1932,2,250339.84
191,137.0,1972,2,149161.36
192,133.0,1999,2,172711.8
193,159.0,2004,2,188291.28
194,80.0,1972,1,99453.164
195,135.0,1976,2,149161.36
196,160.0,2007,3,265638.9
197,289.0,1918,2,208839.67
198,207.0,1912,0,126342.33
199,159.0,2004,3,242882.44
200,104.0,2003,2,137352.0
201,119.0,1977,2,140058.36
202,122.0,1924,1,100942.805
203,79.0,2004,2,131198.16
204,119.0,1947,1,102888.914
205,134.0,1990,2,167154.23
206,158.0,1962,1,137043.11
207,102.0,1960,1,121392.47
208,192.0,1988,2,205233.31
209,101.0,1964,2,130379.58
210,80.0,1925,0,75567.805
211,113.0,2009,2,159271.88
212,172.0,2009,2,222859.73
213,92.0,1995,2,129060.02
214,129.0,1977,1,123464.055
215,115.0,1957,1,118797.4
216,133.0,2004,2,172711.8
217,123.0,1925,1,104073.99
218,182.0,1939,2,145655.22
219,116.0,2005,2,154523.19
220,139.0,2006,2,178769.05
221,211.0,2002,2,231824.4
222,144.0,1975,2,156957.86
223,80.0,1971,2,109899.875
224,222.0,2003,3,307971.84
225,121.0,1971,1,113525.125
226,234.0,1995,3,265885.97
227,92.0,1970,1,100664.89
228,85.0,1967,1,107026.96
229,144.0,2005,2,184390.12
230,111.0,1959,1,121392.47
231,260.0,1995,3,398206.78
232,92.0,1972,1,100664.89
233,83.0,1976,1,106028.13
234,182.0,2002,2,193897.12
235,92.0,1971,1,100664.89
236,131.0,2004,2,158756.95
237,162.0,1993,2,188078.48
238,157.0,2007,3,261903.17
239,138.0,1945,1,127025.23
240,145.0,2008,2,210623.11
241,80.0,1945,0,84140.21
242,134.0,1900,1,104409.94
243,113.0,1980,1,122784.92
244,196.0,1994,2,235556.66
245,174.0,1988,2,192761.38
246,179.0,1910,1,121571.01
247,128.0,1954,2,126706.914
248,155.0,2003,2,188291.28
249,199.0,1958,2,188652.44
250,121.0,1940,0,86104.35
251,151.0,2006,2,211743.0
252,152.0,2004,2,185180.22
253,121.0,1964,1,118940.414
254,122.0,1957,1,116345.34
255,213.0,1999,2,231824.4
256,161.0,2003,2,188291.28
257,149.0,2006,2,211743.0
258,166.0,2001,2,191101.0
259,82.0,1956,1,105815.234
260,128.0,1962,2,137997.39
261,239.0,2007,3,317658.16
262,113.0,1977,2,138069.53
263,122.0,1929,2,113501.0
264,71.0,1925,2,75029.125
265,132.0,1981,2,162663.94
266,140.0,1997,2,179002.27
267,204.0,1939,1,183165.84
268,72.0,1940,1,93373.44
269,103.0,1976,1,115750.98
270,180.0,2006,3,271365.06
271,127.0,1954,2,126706.914
272,211.0,1999,3,256346.0
273,152.0,1958,1,134995.17
274,76.0,1982,1,102701.22
275,144.0,1925,2,145008.66
276,145.0,2003,2,187604.39
277,80.0,1951,2,99433.1
278,197.0,2006,3,309092.12
279,188.0,1977,2,185308.66
280,184.0,1989,2,194002.48
281,117.0,2006,2,160340.84
282,122.0,2007,2,186356.08
283,136.0,2008,3,218415.6
284,146.0,1992,2,184581.88
285,116.0,2006,2,160340.84
286,161.0,1962,2,152539.78
287,80.0,1971,0,89172.76
288,84.0,1967,1,107026.96
289,130.0,1915,1,104616.44
290,178.0,2006,2,221770.84
291,159.0,1912,0,114779.15
292,159.0,1949,1,137043.11
293,210.0,1977,2,195141.94
294,153.0,1953,2,154184.06
295,93.0,1984,2,132520.39
296,145.0,1950,1,137996.11
297,181.0,1997,2,197272.94
298,162.0,1968,2,162311.62
299,107.0,1950,1,114189.95
300,124.0,1953,1,117787.36
301,228.0,1998,2,244755.38
302,143.0,2001,3,199187.14
303,83.0,1972,2,116052.38
304,325.0,1880,3,287155.5
305,186.0,2004,3,279893.6
306,208.0,1990,3,233082.5
307,131.0,1920,0,85686.586
308,80.0,1940,2,86697.69
309,181.0,2003,3,262204.25
310,139.0,1993,2,173444.69
311,90.0,1948,1,104222.984
312,104.0,1939,2,111339.68
313,189.0,1965,2,206595.12
314,152.0,1925,2,150557.44
315,133.0,2004,2,172711.8
316,219.0,1980,2,189841.5
317,182.0,2006,3,253569.4
318,246.0,1993,3,248380.33
319,137.0,1980,2,149161.36
320,241.0,2006,3,317658.16
321,229.0,2004,3,302712.8
322,254.0,1986,2,255506.62
323,108.0,1955,1,116031.61
324,277.0,1967,2,256829.34
325,75.0,1941,2,81727.68
326,160.0,1993,2,185268.77
327,128.0,1960,1,122071.6
328,198.0,1916,2,148753.56
329,111.0,1920,1,98713.914
330,161.0,1964,1,124174.57
331,98.0,1958,1,116542.55
332,151.0,2003,3,225215.39
333,126.0,2004,2,160889.58
334,152.0,1998,2,185180.22
335,166.0,1965,2,167337.94
336,179.0,2005,3,271365.06
337,143.0,2002,2,185179.88
338,151.0,1984,2,182157.7
339,113.0,1958,1,118797.4
340,177.0,2002,2,192761.38
341,78.0,1950,1,99195.55
342,97.0,1949,2,105330.84
343,156.0,2005,2,221025.78
344,103.0,1976,1,115750.98
345,147.0,1939,1,137996.11
346,89.0,1960,1,107026.96
347,137.0,1960,2,147913.06
348,151.0,2003,2,185180.22
349,253.0,2005,3,375916.38
350,174.0,2007,2,222859.73
351,135.0,1986,2,167154.23
352,103.0,1941,1,103499.31
353,67.0,1928,2,75029.125
354,148.0,1940,1,137996.11
355,111.0,1995,2,144660.31
356,108.0,1992,2,146400.05
357,106.0,1976,2,132704.77
358,126.0,1958,1,120553.15
359,179.0,1998,2,197272.94
360,85.0,1978,2,121415.62
361,140.0,1940,1,130533.81
362,179.0,2003,2,197272.94
363,92.0,1972,1,100664.89
364,146.0,1976,2,162020.9
365,125.0,1920,1,102311.32
366,130.0,1963,2,137997.39
367,133.0,1962,1,129119.04
368,118.0,1954,1,115771.67
369,120.0,1959,2,134866.2
370,155.0,2000,2,188291.28
371,148.0,1959,2,155058.78
372,70.0,1984,1,102701.22
373,123.0,1953,1,116710.74
374,179.0,2003,2,197272.94
375,84.0,1922,0,65242.723
376,85.0,1996,2,131198.16
377,229.0,2004,2,244755.38
378,172.0,2010,3,316248.78
379,167.0,2000,2,188989.45
380,157.0,1924,1,137043.11
381,121.0,2006,2,166707.23
382,167.0,2006,2,202549.14
383,73.0,1928,2,75029.125
384,181.0,1992,2,197272.94
385,118.0,2004,2,160889.58
386,110.0,1910,0,75849.37
387,105.0,1976,1,115750.98
388,137.0,1999,2,172711.8
389,217.0,2007,3,317658.16
390,127.0,1900,1,97913.91
391,182.0,2001,2,193897.12
392,82.0,1959,1,105815.234
393,73.0,1941,0,80196.52
394,96.0,1940,1,102969.984
395,106.0,1956,1,118797.4
396,83.0,1972,2,116052.38
397,168.0,1962,1,150714.23
398,100.0,1920,1,95409.91
399,144.0,2006,2,185161.06
400,120.0,1996,2,160889.58
401,122.0,2005,2,160889.58
402,62.0,1940,1,87076.78
403,210.0,1998,2,231824.4
404,146.0,1995,2,184581.88
405,151.0,1976,2,159596.73
406,152.0,1936,1,132595.17
407,156.0,1915,1,121949.695
408,202.0,2006,3,309092.12
409,193.0,2007,3,319822.47
410,119.0,1958,1,116345.34
411,98.0,1955,2,122750.234
412,137.0,2009,2,196727.66
413,96.0,1927,2,105330.84
414,195.0,1993,3,227693.16
415,124.0,2007,2,186356.08
416,130.0,1978,2,143189.55
417,244.0,1918,3,221460.95
418,105.0,1940,1,103499.31
419,98.0,1968,1,116542.55
420,125.0,1997,4,177185.44
421,149.0,1977,2,162020.9
422,92.0,1954,2,109842.14
423,244.0,1998,3,298662.28
424,111.0,1956,1,118797.4
425,129.0,1946,1,107096.72
426,153.0,1989,2,185268.77
427,84.0,1957,1,107026.96
428,112.0,2007,2,159271.88
429,131.0,1988,2,153199.38
430,92.0,1971,1,100664.89
431,111.0,1920,0,79079.19
432,127.0,1971,2,136381.8
433,149.0,1997,2,187604.39
434,59.0,1972,0,68557.46
435,154.0,1996,2,188291.28
436,104.0,1920,2,106242.7
437,84.0,1926,1,95062.07
438,64.0,1913,1,70893.73
439,111.0,1920,2,104573.516
440,223.0,2008,3,378364.84
441,134.0,1955,0,116567.62
442,146.0,1930,2,152981.61
443,117.0,2006,3,170819.03
444,177.0,1994,2,192761.38
445,157.0,1956,2,152539.78
446,175.0,1966,2,168960.88
447,175.0,1998,2,192761.38
448,128.0,1937,1,107096.72
449,110.0,1948,1,107218.516
450,76.0,1930,1,93373.44
451,142.0,1975,2,156957.86
452,163.0,1996,2,191101.0
453,148.0,2008,2,215727.39
454,161.0,1976,2,159501.9
455,115.0,1973,2,131261.78
456,125.0,1916,3,97690.45
457,154.0,1954,2,154184.06
458,155.0,1925,1,137043.11
459,112.0,1950,1,114189.95
460,180.0,2009,2,222859.73
461,105.0,1936,2,111339.68
462,80.0,1965,1,105815.234
463,154.0,1934,1,138687.39
464,97.0,1978,0,99013.47
465,131.0,2004,2,158756.95
466,119.0,1970,2,133250.62
467,153.0,1942,1,138687.39
468,152.0,2006,3,225215.39
469,159.0,1993,2,185268.77
470,140.0,1985,2,173444.69
471,183.0,1977,2,175092.66
472,100.0,2005,2,133697.52
473,184.0,2006,3,300851.78
474,153.0,2000,2,188291.28
475,90.0,1963,2,120830.836
476,139.0,1997,2,179002.27
477,246.0,2006,3,323181.06
478,160.0,2007,3,265638.9
479,105.0,1937,2,111339.68
480,172.0,2004,3,271365.06
481,166.0,2003,3,248141.47
482,170.0,1915,1,129447.32
483,113.0,1998,2,151758.7
484,93.0,1962,1,108486.9
485,103.0,1950,1,114189.95
486,100.0,1965,2,130379.58
487,138.0,1971,2,150688.9
488,224.0,1900,2,120248.5
489,59.0,1970,1,80107.0
490,121.0,1976,1,120332.87
491,147.0,1941,1,137996.11
492,135.0,2006,2,178122.92
493,118.0,1960,1,121132.53
494,82.0,1938,1,99292.055
495,67.0,1920,0,40754.77
496,300.0,1992,2,288814.16
497,169.0,1925,1,149567.05
498,84.0,1967,1,107026.96
499,85.0,1958,1,107026.96
500,113.0,1973,1,115977.18
501,164.0,2005,2,223835.52
502,113.0,1965,2,132877.36
503,167.0,1959,2,166290.92
504,123.0,1974,2,143189.55
505,182.0,1952,2,145655.22
506,178.0,1993,2,192761.38
507,113.0,2009,2,159271.88
508,128.0,1928,2,117708.805
509,97.0,1959,1,110953.1
510,127.0,1951,1,117787.36
511,127.0,2005,2,160889.58
512,80.0,1958,2,109899.875
513,100.0,1983,2,130770.16
514,73.0,1926,1,91873.47
515,188.0,2009,3,334716.22
516,197.0,1972,2,195141.94
517,218.0,1996,3,253764.84
518,167.0,1998,2,188989.45
519,193.0,1926,1,181028.25
520,120.0,1900,0,83834.52
521,116.0,1957,1,118537.46
522,155.0,1947,2,142526.0
523,434.0,2007,3,120369.89
524,223.0,1996,3,272978.06
525,118.0,2005,2,160889.58
526,86.0,1956,1,107026.96
527,252.0,2008,3,437720.5
528,56.0,1920,0,54611.156
529,234.0,1957,2,177363.4
530,140.0,1988,2,173444.69
531,127.0,1920,2,112611.83
532,77.0,1955,1,99577.266
533,31.0,1946,0,39225.504
534,131.0,2004,2,158756.95
535,125.0,1910,0,87991.7
536,160.0,1998,2,188291.28
537,80.0,1972,2,109899.875
538,108.0,1968,1,119776.88
539,149.0,2001,2,187604.39
540,171.0,2006,3,271365.06
541,212.0,2000,3,256346.0
542,156.0,1998,2,188291.28
543,71.0,1998,1,116030.67
544,139.0,2006,2,178769.05
545,203.0,1988,3,224516.45
546,152.0,1923,2,150557.44
547,71.0,1970,2,109899.875
548,77.0,1955,2,102794.97
549,195.0,2003,2,231824.4
550,99.0,1977,2,127654.016
551,86.0,1957,1,107026.96
552,160.0,2006,3,242882.44
553,105.0,1949,2,111339.68
554,190.0,2003,3,293392.97
555,97.0,1922,1,94688.99
556,101.0,1957,1,116542.55
557,124.0,1920,1,102311.32
558,134.0,1996,2,172711.8
559,145.0,2003,2,187604.39
560,129.0,1957,2,136478.94
561,129.0,1974,2,143189.55
562,93.0,1940,0,83144.34
563,156.0,1918,2,148427.48
564,213.0,1992,2,235556.66
565,153.0,1915,1,123593.984
566,233.0,2005,3,302712.8
567,143.0,2004,2,185179.88
568,198.0,1983,2,232379.97
569,88.0,1979,2,121415.62
570,161.0,1965,2,159501.9
571,80.0,1959,1,105815.234
572,157.0,2009,2,216547.9
573,133.0,2000,2,172711.8
574,103.0,1971,1,115977.18
575,113.0,1947,1,103499.31
576,137.0,1928,1,120785.78
577,123.0,1966,2,137997.39
578,129.0,2007,2,190782.89
579,167.0,1954,1,141298.92
580,133.0,1960,2,147913.06
581,190.0,2008,3,334716.22
582,76.0,1990,0,106715.01
583,258.0,1893,2,179494.2
584,146.0,1935,1,137996.11
585,188.0,2005,3,288133.94
586,78.0,1918,1,91339.3
587,80.0,1982,2,117091.62
588,137.0,1968,1,130367.336
589,87.0,1930,1,95062.07
590,147.0,2004,2,187604.39
591,213.0,2008,3,378364.84
592,76.0,1982,2,117091.62
593,79.0,2003,2,131198.16
594,86.0,1975,1,106028.13
595,170.0,2005,3,271365.06
596,127.0,1910,1,104616.44
597,130.0,2006,3,206310.8
598,153.0,1977,2,161146.19
599,145.0,1980,2,162020.9
600,177.0,2005,2,225495.89
601,128.0,1937,1,107096.72
602,178.0,1992,2,192761.38
603,111.0,2004,2,145338.52
604,139.0,2002,2,179002.27
605,185.0,1965,2,191509.44
606,97.0,1996,2,131198.16
607,187.0,1948,1,160185.16
608,297.0,1934,2,261343.4
609,96.0,1961,1,110953.1
610,200.0,2000,3,247779.95
611,96.0,1978,2,127654.016
612,174.0,2001,2,192761.38
613,104.0,2007,0,122414.66
614,59.0,1972,0,68557.46
615,98.0,1963,2,127880.22
616,140.0,2002,2,179002.27
617,77.0,1954,2,99814.82
618,170.0,2007,3,290107.47
619,210.0,2003,3,301959.0
620,80.0,1914,0,62721.94
621,243.0,1974,2,183852.9
622,91.0,1977,2,126194.08
623,140.0,2000,2,179002.27
624,166.0,1972,2,167337.94
625,104.0,1962,2,134546.55
626,132.0,1960,1,129119.04
627,141.0,1955,1,130249.445
628,193.0,1969,2,195141.94
629,125.0,1964,2,137997.39
630,163.0,1880,1,113961.4
631,144.0,2006,2,185161.06
632,131.0,1977,2,143189.55
633,98.0,1954,1,116223.195
634,98.0,1980,2,127654.016
635,315.0,1914,0,172024.16
636,74.0,1936,0,77065.82
637,129.0,1954,1,117787.36
638,74.0,1910,0,64219.957
639,146.0,2006,3,210479.9
640,141.0,2003,2,185179.88
641,179.0,2001,2,197272.94
642,251.0,1972,2,256829.34
643,151.0,1969,2,159596.73
644,164.0,2009,3,284469.62
645,91.0,1971,2,120830.836
646,97.0,1950,2,105330.84
647,102.0,1953,2,120337.79
648,171.0,1966,2,175580.31
649,59.0,1970,0,68557.46
650,155.0,2007,2,216547.9
651,140.0,1940,1,130533.81
652,159.0,1996,2,188291.28
653,136.0,1906,1,115477.766
654,196.0,1995,3,245198.8
655,101.0,1971,1,110180.48
656,98.0,1959,1,116542.55
657,140.0,1931,1,130533.81
658,135.0,1948,1,122731.89
659,138.0,1964,2,149440.6
660,180.0,1976,2,175092.66
661,227.0,1994,3,248380.33
662,129.0,1968,2,136381.8
663,110.0,1972,2,131261.78
664,195.0,2005,3,288133.94
665,180.0,2000,2,197272.94
666,221.0,1965,2,176934.78
667,156.0,1994,2,185268.77
668,134.0,1956,2,146394.61
669,110.0,1922,1,98713.914
670,137.0,2005,2,172711.8
671,127.0,1925,1,105150.61
672,112.0,1977,2,138069.53
673,171.0,1957,2,168618.2
674,106.0,1965,1,121392.47
675,134.0,1978,2,149161.36
676,165.0,1900,3,88895.47
677,74.0,1924,1,91873.47
678,190.0,2008,3,334716.22
679,92.0,1961,2,120830.836
680,86.0,1980,1,106028.13
681,141.0,1932,1,130249.445
682,120.0,1996,2,160889.58
683,155.0,2002,3,229515.95
684,171.0,1998,2,192761.38
685,194.0,1984,2,205233.31
686,164.0,2007,2,219357.64
687,102.0,2004,2,137352.0
688,132.0,2007,2,223004.28
689,127.0,2005,2,160889.58
690,79.0,2004,2,131198.16
691,401.0,1994,3,437411.12
692,234.0,1989,2,239298.1
693,100.0,1921,1,95409.91
694,143.0,1936,2,137072.03
695,106.0,1987,2,136744.36
696,57.0,1921,1,79426.68
697,107.0,1952,1,114189.95
698,83.0,1965,1,107026.96
699,129.0,2004,2,160889.58
700,167.0,2002,3,246029.92
701,108.0,1969,2,132930.97
702,239.0,2006,3,317658.16
703,168.0,1900,2,121774.96
704,138.0,2004,2,168398.2
705,101.0,1930,0,74571.94
706,169.0,1971,2,175580.31
707,123.0,2006,2,166707.23
708,135.0,2007,2,192481.66
709,84.0,1966,1,107026.96
710,68.0,1935,0,59495.586
711,109.0,1900,1,93780.3
712,114.0,1988,2,151151.05
713,89.0,1970,2,120830.836
714,137.0,1976,2,149161.36
715,125.0,1974,2,143189.55
716,237.0,1890,2,123999.32
717,109.0,1973,2,132930.97
718,225.0,1993,3,248380.33
719,90.0,1969,1,107026.96
720,162.0,1985,2,188078.48
721,79.0,2004,2,131198.16
722,80.0,1970,2,109899.875
723,137.0,1954,1,124834.8
724,158.0,2007,3,265638.9
725,80.0,1970,2,109899.875
726,156.0,1988,2,185268.77
727,114.0,2007,2,159271.88
728,165.0,1958,3,105738.05
729,112.0,1925,2,104573.516
730,150.0,1995,2,184581.88
731,106.0,2003,2,137352.0
732,189.0,1998,2,204677.75
733,106.0,1961,1,121392.47
734,88.0,1968,1,107026.96
735,164.0,1914,2,140658.9
736,97.0,1950,2,105330.84
737,167.0,2005,3,240770.88
738,111.0,1987,0,127214.195
739,161.0,2004,2,188291.28
740,133.0,1910,2,126749.87
741,85.0,1961,1,107026.96
742,125.0,2000,2,160889.58
743,136.0,1963,2,147913.06
744,124.0,1993,2,155332.0
745,252.0,1976,2,256829.34
746,210.0,2000,2,231824.4
747,245.0,1880,4,234192.6
748,160.0,1996,2,188291.28
749,142.0,1945,1,118235.945
750,106.0,1910,0,75849.37
751,123.0,2003,2,160889.58
752,139.0,1997,2,179002.27
753,195.0,2005,3,288133.94
754,95.0,1969,2,122290.77
755,137.0,1999,2,172711.8
756,164.0,2007,2,219357.64
757,129.0,1978,2,143189.55
758,139.0,1999,2,179002.27
759,235.0,1995,3,265885.97
760,80.0,1959,1,105815.234
761,121.0,1924,2,108404.02
762,144.0,2009,2,184041.17
763,220.0,1999,3,273278.62
764,139.0,1995,2,178078.72
765,140.0,2008,2,188845.33
766,159.0,1988,2,185268.77
767,163.0,1940,1,142171.19
768,171.0,2004,2,192761.38
769,305.0,2003,3,418271.2
770,80.0,1982,2,117091.62
771,113.0,1951,2,114539.02
772,104.0,1976,2,132704.77
773,85.0,1958,1,107026.96
774,183.0,2006,3,253569.4
775,112.0,1998,2,151758.7
776,150.0,2005,3,210479.9
777,83.0,1974,2,121415.62
778,188.0,1977,2,185308.66
779,93.0,1977,2,127654.016
780,116.0,1995,2,155261.45
781,149.0,1992,2,184581.88
782,133.0,2001,2,172711.8
783,103.0,1978,2,132704.77
784,138.0,1914,0,105106.734
785,125.0,1967,2,136381.8
786,153.0,1915,1,123593.984
787,194.0,2004,2,204677.75
788,84.0,1954,1,106707.61
789,194.0,1966,2,195141.94
790,106.0,2005,2,137352.0
791,99.0,1976,2,127654.016
792,187.0,1996,2,208410.0
793,139.0,2007,2,188845.33
794,176.0,1994,2,192761.38
795,145.0,1980,2,162020.9
796,119.0,1977,2,140058.36
797,72.0,1953,1,99195.55
798,292.0,2008,3,473718.84
799,164.0,1937,1,142171.19
800,157.0,1997,2,188291.28
801,111.0,1916,2,104573.516
802,135.0,2005,2,172711.8
803,262.0,2008,3,473718.84
804,105.0,1954,1,116031.61
805,133.0,2008,2,210009.84
806,91.0,1967,1,107026.96
807,146.0,1923,2,152981.61
808,101.0,1966,2,130379.58
809,199.0,1898,2,117351.16
810,122.0,1974,2,140058.36
811,79.0,2004,2,131198.16
812,97.0,1952,2,109460.42
813,134.0,1958,1,127600.586
814,116.0,1918,1,102600.75
815,154.0,1998,2,188291.28
816,94.0,1954,1,108167.55
817,157.0,2002,3,239146.7
818,98.0,1971,2,127880.22
819,126.0,2009,2,196461.53
820,152.0,2003,2,185180.22
821,87.0,1953,2,104681.97
822,161.0,2003,2,188291.28
823,138.0,1940,1,127025.23
824,138.0,2006,2,180209.03
825,194.0,2007,3,319822.47
826,73.0,1924,0,77065.82
827,133.0,2001,2,172711.8
828,198.0,1967,2,195141.94
829,114.0,2005,2,151758.7
830,129.0,1957,2,136478.94
831,111.0,2005,2,145338.52
832,170.0,2003,2,192761.38
833,141.0,1964,2,154093.97
834,106.0,1961,2,134546.55
835,99.0,1950,2,110920.29
836,145.0,1948,2,145045.0
837,92.0,1973,1,100664.89
838,102.0,1995,1,122252.28
839,111.0,1946,1,103499.31
840,138.0,1925,1,125079.12
841,143.0,1904,2,138199.69
842,108.0,1966,2,134546.55
843,167.0,1961,0,144417.52
844,132.0,1915,3,133031.36
845,158.0,1975,2,159501.9
846,165.0,1993,2,188078.48
847,80.0,1972,1,99453.164
848,219.0,1908,2,148753.56
849,172.0,1976,2,175580.31
850,79.0,2003,2,131198.16
851,135.0,2003,2,172711.8
852,153.0,1941,1,138687.39
853,134.0,1964,2,147913.06
854,165.0,1955,2,155349.52
855,97.0,1962,1,110953.1
856,95.0,1978,2,127654.016
857,138.0,1994,2,162840.64
858,127.0,1976,2,143189.55
859,247.0,1968,2,256829.34
860,132.0,1918,1,120251.61
861,97.0,1965,2,122290.77
862,102.0,1984,2,138674.23
863,107.0,1959,1,121392.47
864,127.0,2007,2,196461.53
865,93.0,1970,2,122290.77
866,153.0,2006,3,225215.39
867,104.0,1961,2,134546.55
868,216.0,1948,2,175828.94
869,181.0,1993,2,197272.94
870,83.0,1962,1,107026.96
871,156.0,1998,2,188291.28
872,85.0,1953,2,104681.97
873,118.0,1949,1,110903.14
874,105.0,1941,1,103499.31
875,242.0,2007,2,251607.02
876,97.0,1963,2,122290.77
877,207.0,2004,3,296699.97
878,107.0,1961,2,134546.55
879,80.0,1978,1,104816.41
880,101.0,2005,2,135588.52
881,160.0,1990,2,185268.77
882,148.0,1992,2,184581.88
883,207.0,1912,1,126342.33
884,83.0,1967,1,107026.96
885,159.0,1999,2,188291.28
886,159.0,1959,2,152539.78
887,129.0,1955,1,117787.36
888,206.0,1970,2,195141.94
889,140.0,1953,2,148243.78
890,86.0,1949,2,104681.97
891,156.0,1978,2,159501.9
892,99.0,1963,1,116542.55
893,128.0,1954,1,117787.36
894,143.0,1979,2,156957.86
895,167.0,1963,2,166290.92
896,88.0,1936,1,100503.78
897,208.0,1979,2,195141.94
898,220.0,2009,3,378364.84
899,115.0,1961,1,121392.47
900,80.0,1971,1,99453.164
901,121.0,1957,1,116345.34
902,140.0,2003,2,179002.27
903,155.0,2006,3,229515.95
904,84.0,1967,1,107026.96
905,99.0,1954,1,116223.195
906,152.0,2006,3,225215.39
907,191.0,1936,1,176420.47
908,84.0,1983,2,122032.4
909,138.0,2005,2,174797.9
910,211.0,1960,2,188652.44
911,118.0,1977,1,122524.984
912,94.0,1925,1,95062.07
913,186.0,1949,3,159065.92
914,114.0,2009,2,159271.88
915,101.0,1970,1,110180.48
916,45.0,1949,1,59201.555
917,114.0,1956,1,118797.4
918,198.0,1991,3,224516.45
919,131.0,1958,2,136478.94
920,160.0,1994,2,185268.77
921,204.0,1900,0,114389.766
922,122.0,2005,2,160889.58
923,150.0,1993,2,184581.88
924,157.0,1980,2,161063.52
925,105.0,1977,2,132704.77
926,221.0,2003,3,301959.0
927,184.0,1968,2,174830.39
928,166.0,2001,2,191101.0
929,208.0,1997,2,231824.4
930,136.0,2007,3,218029.14
931,86.0,1965,1,107026.96
932,177.0,2006,3,271365.06
933,139.0,2004,2,179002.27
934,192.0,1960,2,188652.44
935,69.0,1926,2,75029.125
936,111.0,2003,2,145338.52
937,183.0,2005,2,222120.08
938,182.0,2006,3,253569.4
939,223.0,1940,1,164958.69
940,161.0,1976,2,159501.9
941,191.0,1999,2,204677.75
942,134.0,1977,0,118979.94
943,152.0,1967,2,159596.73
944,125.0,1958,2,136478.94
945,174.0,1890,2,121774.96
946,106.0,1959,1,121392.47
947,151.0,2002,3,225215.39
948,165.0,2002,2,191101.0
949,128.0,1972,2,136381.8
950,80.0,1950,2,99433.1
951,90.0,1965,1,107026.96
952,71.0,1972,1,95509.47
953,183.0,1969,2,169952.38
954,91.0,1975,0,99013.47
955,182.0,1946,2,145655.22
956,114.0,1980,2,138069.53
957,98.0,1962,2,127880.22
958,124.0,2003,2,160889.58
959,132.0,1999,2,172711.8
960,80.0,1958,0,95534.83
961,267.0,1977,2,249638.9
962,144.0,1976,2,156957.86
963,167.0,2007,2,225213.4
964,176.0,2002,2,192761.38
965,138.0,2005,2,174797.9
966,122.0,1940,1,102888.914
967,102.0,1955,1,116031.61
968,90.0,1910,0,62084.93
969,102.0,1958,1,118797.4
970,111.0,1949,0,94980.7
971,151.0,2003,2,185180.22
972,85.0,1979,1,106028.13
973,133.0,2007,2,210009.84
974,188.0,1910,2,140583.95
975,128.0,2000,2,160889.58
976,81.0,1923,0,75567.805
977,115.0,2006,2,160340.84
978,83.0,1954,2,105063.69
979,104.0,1963,2,134546.55
980,93.0,1961,2,122290.77
981,243.0,1998,3,279291.47
982,118.0,2007,2,160087.33
983,213.0,2002,2,231824.4
984,161.0,1977,2,159501.9
985,108.0,1950,1,114189.95
986,152.0,1910,1,114118.945
987,180.0,2009,3,316248.78
988,189.0,1976,2,206595.12
989,146.0,2006,2,211743.0
990,222.0,1997,3,279291.47
991,162.0,1882,2,122468.87
992,172.0,1964,2,168618.2
993,139.0,2005,2,177998.11
994,160.0,2006,3,242882.44
995,114.0,1946,1,103499.31
996,98.0,1961,1,116542.55
997,134.0,1970,2,149161.36
998,100.0,1922,1,95409.91
999,112.0,2006,2,160340.84
1000,88.0,1952,2,104681.97
1001,64.0,1920,1,82737.52
1002,146.0,2006,3,210479.9
1003,156.0,1976,2,159501.9
1004,140.0,2005,2,177998.11
1005,92.0,1977,1,106028.13
1006,154.0,1970,2,161146.19
1007,101.0,1970,1,110180.48
1008,159.0,2004,2,188291.28
1009,141.0,1926,0,115838.12
1010,118.0,1948,1,108800.234
1011,155.0,1965,0,113886.88
1012,140.0,1923,1,128587.7
1013,95.0,1910,1,84170.61
1014,101.0,1948,1,107410.1
1015,155.0,2001,2,188291.28
1016,140.0,1996,2,179002.27
1017,126.0,1984,2,150841.7
1018,137.0,1991,2,167154.23
1019,140.0,2005,2,177998.11
1020,105.0,2005,2,137352.0
1021,113.0,2006,2,160340.84
1022,116.0,1930,1,103134.92
1023,140.0,2005,2,177998.11
1024,269.0,1976,2,256829.34
1025,82.0,1972,2,114840.66
1026,117.0,1960,2,137058.33
1027,153.0,2007,3,247971.86
1028,128.0,1941,1,107096.72
1029,113.0,1972,1,115977.18
1030,179.0,1916,0,128239.5
1031,286.0,1920,2,208839.67
1032,234.0,1993,3,248380.33
1033,154.0,2002,3,225215.39
1034,89.0,1938,1,100503.78
1035,79.0,1957,1,101871.54
1036,151.0,2007,3,239930.16
1037,210.0,2001,2,231824.4
1038,125.0,1970,0,98005.836
1039,59.0,1970,1,80107.0
1040,168.0,1957,2,168618.2
1041,152.0,1966,2,159596.73
1042,121.0,2005,2,160889.58
1043,216.0,1990,2,232379.97
1044,234.0,1981,2,239298.1
1045,161.0,1955,2,152539.78
1046,266.0,2005,3,413012.16
1047,92.0,1994,2,129130.57
1048,165.0,1960,2,155349.52
1049,86.0,1946,1,100503.78
1050,121.0,2007,2,160087.33
1051,122.0,2007,2,186356.08
1052,184.0,1964,2,163356.75
1053,142.0,1957,1,118235.945
1054,185.0,2002,2,204677.75
1055,141.0,1976,2,156957.86
1056,127.0,2005,2,160889.58
1057,172.0,1994,2,192761.38
1058,203.0,2008,3,380529.16
1059,185.0,1932,2,173387.66
1060,124.0,2001,2,160889.58
1061,83.0,1935,3,93230.55
1062,217.0,1900,2,113578.19
1063,102.0,1925,2,106242.7
1064,107.0,1966,2,134546.55
1065,210.0,1996,2,235556.66
1066,146.0,1993,2,184581.88
1067,150.0,1964,2,155058.78
1068,234.0,1973,2,183852.9
1069,83.0,1949,2,104681.97
1070,97.0,1956,1,110953.1
1071,145.0,1968,2,162020.9
1072,135.0,1948,1,122731.89
1073,132.0,1977,2,149161.36
1074,115.0,2006,3,178742.02
1075,162.0,1940,1,142171.19
1076,136.0,1936,2,136620.67
1077,102.0,1969,1,119776.88
1078,79.0,2004,2,131198.16
1079,92.0,1994,1,110860.79
1080,117.0,1971,2,135442.73
1081,97.0,1963,1,110953.1
1082,136.0,2002,2,172711.8
1083,116.0,1964,1,121132.53
1084,139.0,1995,2,178078.72
1085,93.0,1992,2,130590.51
1086,101.0,1973,1,110180.48
1087,181.0,2005,3,256945.22
1088,159.0,2004,2,188291.28
1089,116.0,2005,2,154523.19
1090,97.0,1950,2,105330.84
1091,116.0,1999,2,154523.19
1092,157.0,1925,2,150462.61
1093,111.0,1965,2,132877.36
1094,87.0,1956,1,107026.96
1095,122.0,2006,2,166707.23
1096,126.0,1914,0,87991.7
1097,101.0,1986,2,134980.88
1098,123.0,1936,1,106020.1
1099,149.0,1978,2,162020.9
1100,41.0,1920,1,57377.28
1101,88.0,1971,1,100664.89
1102,105.0,1960,1,121392.47
1103,111.0,1959,2,132877.36
1104,121.0,1970,2,133250.62
1105,244.0,1994,2,237663.31
1106,134.0,1990,2,167154.23
1107,188.0,2006,2,237318.28
1108,157.0,2000,2,188291.28
1109,171.0,2004,3,271365.06
1110,154.0,1995,2,185268.77
1111,182.0,1976,2,175092.66
1112,76.0,1957,1,101871.54
1113,94.0,1953,1,106325.89
1114,77.0,1954,1,99577.266
1115,161.0,2007,3,265638.9
1116,132.0,2002,2,172711.8
1117,83.0,1967,2,116052.38
1118,149.0,1958,1,137996.11
1119,97.0,1959,1,110953.1
1120,94.0,1920,1,92222.78
1121,144.0,2005,3,199187.14
1122,89.0,1956,1,107026.96
1123,65.0,1947,0,76063.164
1124,138.0,1992,2,162840.64
1125,93.0,1955,2,117160.79
1126,144.0,2007,3,198067.25
1127,142.0,2004,3,210100.42
1128,182.0,2004,2,193897.12
1129,87.0,1980,2,121415.62
1130,184.0,1928,2,150611.7
1131,90.0,1991,0,110658.695
1132,205.0,1880,1,114389.766
1133,188.0,1995,2,208410.0
1134,149.0,1997,2,187604.39
1135,92.0,1926,1,95062.07
1136,116.0,1950,1,115771.67
1137,95.0,1875,0,65450.285
1138,146.0,1977,2,162020.9
1139,108.0,1920,2,106242.7
1140,88.0,1951,2,104681.97
1141,174.0,1976,2,175580.31
1142,263.0,2006,3,413012.16
1143,93.0,1959,0,94538.96
1144,86.0,1941,1,100503.78
1145,146.0,1928,1,137996.11
1146,121.0,1985,2,155332.0
1147,145.0,1941,1,137996.11
1148,103.0,1926,1,101553.2
1149,138.0,1920,2,133781.92
1150,87.0,1950,1,106325.89
1151,136.0,1959,2,147913.06
1152,168.0,1956,2,168618.2
1153,76.0,1930,1,93373.44
1154,169.0,1965,2,175580.31
1155,134.0,1976,2,149161.36
1156,118.0,1965,2,137058.33
1157,122.0,2007,2,186356.08
1158,147.0,2007,3,214464.3
1159,174.0,1974,2,175580.31
1160,135.0,1978,2,149161.36
1161,152.0,1954,2,152634.61
1162,83.0,1968,2,116052.38
1163,117.0,1969,2,135442.73
1164,133.0,1978,2,149161.36
1165,140.0,2009,2,188845.33
1166,157.0,2008,3,284469.62
1167,155.0,2000,2,188291.28
1168,196.0,1935,2,183765.56
1169,337.0,1995,3,497655.38
1170,104.0,1977,1,115750.98
1171,117.0,1958,2,134463.25
1172,116.0,2006,2,160340.84
1173,287.0,1946,0,213691.0
1174,218.0,1932,2,183765.56
1175,267.0,1992,2,277810.6
1176,86.0,1984,1,106644.914
1177,114.0,1926,1,101553.2
1178,125.0,1921,1,102311.32
1179,104.0,1954,0,92570.336
1180,234.0,1990,2,239298.1
1181,153.0,2008,2,234495.42
1182,416.0,1996,3,497655.38
1183,105.0,1920,2,106242.7
1184,146.0,1963,3,134902.8
1185,113.0,1924,1,101553.2
1186,158.0,1900,2,116116.195
1187,151.0,1994,3,211686.55
1188,154.0,2002,2,188291.28
1189,168.0,1999,2,192761.38
1190,151.0,1961,4,139131.95
1191,134.0,1999,2,172711.8
1192,137.0,1925,1,120785.78
1193,114.0,1999,2,151758.7
1194,126.0,1969,1,120456.016
1195,135.0,2005,2,172711.8
1196,173.0,2006,3,271365.06
1197,157.0,1916,1,121949.695
1198,113.0,2001,2,151758.7
1199,128.0,1963,2,137997.39
1200,80.0,1970,1,99453.164
1201,165.0,1998,2,191101.0
1202,125.0,1925,1,105150.61
1203,151.0,2000,2,185180.22
1204,100.0,1975,2,130153.375
1205,204.0,1990,3,224516.45
1206,98.0,1966,1,116542.55
1207,158.0,2003,2,188291.28
1208,119.0,1962,2,134866.2
1209,154.0,2006,2,229392.48
1210,171.0,1992,2,192761.38
1211,163.0,1988,2,188078.48
1212,62.0,1941,1,87076.78
1213,89.0,1965,1,107026.96
1214,93.0,1962,1,108486.9
1215,83.0,1966,1,107026.96
1216,177.0,1978,2,170581.12
1217,122.0,2009,2,186356.08
1218,85.0,1947,0,79778.984
1219,113.0,1971,0,95605.76
1220,85.0,1964,1,107026.96
1221,113.0,1968,1,119776.88
1222,171.0,1949,1,145302.61
1223,198.0,1951,2,175828.94
1224,138.0,2004,2,168398.2
1225,106.0,1958,1,118797.4
1226,180.0,2007,3,290107.47
1227,85.0,1965,2,116052.38
1228,158.0,2008,3,284469.62
1229,140.0,1960,1,132052.27
1230,243.0,1977,2,183852.9
1231,111.0,1962,2,132877.36
1232,114.0,1962,2,132877.36
1233,110.0,1959,2,132877.36
1234,182.0,1911,0,114212.984
1235,166.0,1914,1,127077.76
1236,151.0,2003,2,185180.22
1237,181.0,2004,2,197272.94
1238,106.0,2005,2,137352.0
1239,138.0,2006,2,180209.03
1240,164.0,2003,2,191101.0
1241,157.0,2007,3,261903.17
1242,109.0,1974,2,139738.72
1243,193.0,2006,3,309092.12
1244,141.0,1929,2,145008.66
1245,174.0,1984,2,192761.38
1246,144.0,2005,2,184390.12
1247,96.0,1976,3,124295.23
1248,191.0,1917,2,142008.2
1249,92.0,1950,1,106325.89
1250,196.0,1968,2,195141.94
1251,131.0,2003,2,158756.95
1252,81.0,1968,1,105815.234
1253,201.0,1974,2,195141.94
1254,154.0,2003,2,188291.28
1255,127.0,1931,1,107096.72
1256,185.0,1994,2,208410.0
1257,80.0,1922,0,69603.95
1258,108.0,2005,2,147007.7
1259,98.0,1969,2,127880.22
1260,156.0,1999,2,188291.28
1261,98.0,1956,1,116542.55
1262,166.0,1957,1,140795.45
1263,169.0,1919,2,154146.95
1264,124.0,1998,2,160889.58
1265,135.0,1999,2,172711.8
1266,175.0,1910,1,121571.01
1267,187.0,2008,3,334716.22
1268,320.0,1935,3,322848.94
1269,142.0,1958,1,118235.945
1270,142.0,1979,2,156957.86
1271,138.0,1968,2,150688.9
1272,87.0,1965,1,107026.96
1273,126.0,1959,1,122071.6
1274,116.0,1910,2,110596.14
1275,178.0,1948,2,149175.25
1276,130.0,1972,2,136381.8
1277,160.0,1967,2,159501.9
1278,189.0,2002,2,204677.75
1279,105.0,1920,2,106242.7
1280,146.0,2002,2,187604.39
1281,124.0,1990,2,155332.0
1282,97.0,1977,2,127654.016
1283,169.0,1971,0,134728.55
1284,227.0,1919,1,161322.12
1285,131.0,1939,1,107096.72
1286,123.0,1963,2,137997.39
1287,147.0,1964,2,155058.78
1288,154.0,2000,2,188291.28
1289,183.0,2006,3,253569.4
1290,107.0,1964,2,134546.55
1291,121.0,1972,1,113525.125
1292,220.0,1892,1,110616.8
1293,155.0,1976,2,159501.9
1294,80.0,1955,2,102794.97
1295,98.0,1968,1,116542.55
1296,105.0,1963,2,134546.55
1297,100.0,2005,2,133697.52
1298,524.0,2008,2,133988.12
1299,116.0,1959,1,121132.53
1300,184.0,1999,2,197079.45
1301,139.0,1942,1,130533.81
1302,235.0,1994,3,248380.33
1303,150.0,2005,3,210479.9
1304,159.0,2004,2,188291.28
1305,153.0,2006,2,229392.48
1306,127.0,2005,2,160889.58
1307,92.0,1994,2,129130.57
1308,104.0,1948,2,111339.68
1309,120.0,1991,2,155332.0
1310,177.0,1959,2,161998.77
1311,118.0,2005,2,160889.58
1312,261.0,1990,2,255506.62
1313,241.0,1999,3,279291.47
1314,88.0,1954,1,106707.61
1315,196.0,1969,2,195141.94
1316,151.0,2008,3,266797.2
1317,126.0,2006,2,166707.23
1318,166.0,2001,3,248141.47
1319,88.0,1954,1,106707.61
1320,137.0,1957,2,146394.61
1321,67.0,1949,1,80692.15
1322,179.0,1992,2,197272.94
1323,66.0,1940,0,65796.61
1324,167.0,2006,3,225321.1
1325,74.0,1922,0,71101.97
1326,72.0,1931,0,77065.82
1327,76.0,1982,1,102701.22
1328,259.0,1920,2,208839.67
1329,152.0,1998,2,185180.22
1330,148.0,2006,3,210479.9
1331,89.0,1976,2,126194.08
1332,76.0,1938,1,93373.44
1333,126.0,1938,1,107096.72
1334,127.0,1970,2,136381.8
1335,124.0,1977,2,143189.55
1336,154.0,1973,2,161146.19
1337,64.0,1941,0,71483.19
1338,173.0,2002,2,192761.38
1339,80.0,1972,1,99453.164
1340,81.0,1971,4,116845.11
1341,103.0,2003,2,137352.0
1342,202.0,2002,2,231824.4
1343,178.0,1928,2,154974.27
1344,135.0,2006,2,178122.92
1345,89.0,1920,1,92222.78
1346,200.0,1968,2,195141.94
1347,165.0,2006,3,242882.44
1348,139.0,1998,2,179002.27
1349,219.0,1872,0,110616.8
1350,245.0,1969,4,254086.84
1351,159.0,1962,2,152539.78
1352,109.0,1937,2,111339.68
1353,301.0,1995,3,398206.78
1354,173.0,2000,3,238122.61
1355,178.0,1968,2,168960.88
1356,83.0,1966,1,107026.96
1357,100.0,1971,2,130379.58
1358,146.0,2000,2,187604.39
1359,184.0,2004,3,279893.6
1360,242.0,1921,2,166434.66
1361,142.0,2005,2,184390.12
1362,161.0,1920,1,125234.46
1363,131.0,2006,2,158895.97
1364,111.0,2005,2,145338.52
1365,156.0,2000,2,188291.28
1366,166.0,1999,2,191101.0
1367,137.0,1977,1,126567.63
1368,79.0,2003,2,131198.16
1369,155.0,2003,2,188291.28
1370,128.0,1920,1,102311.32
1371,154.0,1955,1,138687.39
1372,195.0,1998,2,231824.4
1373,245.0,2001,3,327342.66
1374,182.0,2005,3,253569.4
1375,146.0,2007,3,209360.02
1376,73.0,1930,1,93373.44
1377,149.0,1941,2,145045.0
1378,92.0,1973,1,100664.89
1379,130.0,2006,2,158895.97
1380,80.0,1914,1,75692.375
1381,197.0,1970,2,195141.94
1382,164.0,1920,2,148427.48
1383,132.0,1918,2,131523.7
1384,117.0,1939,1,105081.03
1385,107.0,1922,1,98713.914
1386,259.0,1978,2,249638.9
1387,235.0,1916,1,136848.81
1388,162.0,2006,3,242882.44
1389,113.0,1941,2,109670.49
1390,142.0,2000,2,185179.88
1391,147.0,1967,3,134902.8
1392,84.0,1967,1,107026.96
1393,178.0,1905,2,140144.25
1394,139.0,2006,3,206310.8
1395,231.0,2005,3,302712.8
1396,157.0,1948,2,142526.0
1397,141.0,1920,1,120550.68
1398,177.0,1950,1,150110.12
1399,149.0,1925,1,137996.11
1400,108.0,1929,1,101553.2
1401,148.0,2004,2,187604.39
1402,120.0,2006,2,166707.23
1403,136.0,2007,3,218029.14
1404,113.0,1915,3,101416.25
1405,153.0,2004,2,188291.28
1406,71.0,1972,2,109899.875
1407,77.0,1985,0,106715.01
1408,127.0,1910,2,112611.83
1409,194.0,1986,2,205233.31
1410,171.0,2001,2,192761.38
1411,155.0,1950,1,137043.11
1412,97.0,1949,2,105330.84
1413,171.0,2005,2,225495.89
1414,172.0,1923,2,156182.08
1415,146.0,2007,3,209360.02
1416,213.0,1885,2,117351.16
1417,228.0,1998,3,279291.47
1418,106.0,1963,1,121392.47
1419,171.0,1969,2,175580.31
1420,132.0,1968,2,149161.36
1421,99.0,1977,2,127654.016
1422,79.0,2003,2,131198.16
1423,204.0,1966,2,195141.94
1424,125.0,1958,1,120553.15
1425,116.0,1959,2,137058.33
1426,198.0,1994,2,235556.66
1427,145.0,1945,1,137996.11
1428,75.0,1940,1,93373.44
1429,134.0,1981,2,162663.94
1430,171.0,2005,2,225495.89
1431,89.0,1976,2,126194.08
1432,90.0,1927,1,95062.07
1433,166.0,2000,2,191101.0
1434,105.0,1977,2,132704.77
1435,143.0,1962,2,154093.97
1436,80.0,1971,2,109899.875
1437,179.0,2008,3,316248.78
1438,115.0,1957,2,130282.29
1439,160.0,1979,2,161063.52
1440,237.0,1922,2,169630.45
1441,79.0,2004,2,131198.16
1442,186.0,2008,3,326475.9
1443,88.0,1916,1,94527.9
1444,132.0,2004,2,172711.8
1445,85.0,1966,1,107026.96
1446,110.0,1962,1,121392.47
1447,194.0,1995,2,208410.0
1448,125.0,1910,1,104616.44
1449,59.0,1970,0,68557.46
1450,166.0,1974,0,122516.74
1451,147.0,2008,3,249181.44
1452,100.0,2005,2,133697.52
1453,106.0,2006,0,108171.79
1454,113.0,2004,2,151758.7
1455,153.0,1999,2,188291.28
1456,193.0,1978,2,195141.94
1457,217.0,1941,1,183165.84
1458,100.0,1950,1,114381.54
1459,117.0,1965,1,121132.53
